Test_ID,Single_Valid_All_Keys,Single_Latency,Multi_Valid_All_Keys,Multi_Latency,Single_Raw,Multi_L1_Raw,Multi_L2_Raw
Task_001,True,7.95,True,10.64,"{""TTP_ID"": ""T1021"", ""Explanation"": ""A routine network reconnaissance scan using the ping utility to check connectivity."", ""Severity"": ""Low"", ""Mitigation"": ""Implement strict firewall rules limiting outbound ICMP traffic.""}","{""TTP_ID"": ""None (Benign)"", ""Explanation"": ""Routine network diagnostics using an external DNS resolver.""}","{""Severity"": ""Low"", ""Mitigation"": ""None required.""}"
Task_002,True,8.05,True,10.45,"{""TTP_ID"": ""T1569.321"", ""Explanation"": ""Chrome process injection via a legitimate browser executable."", ""Severity"": ""High"", ""Mitigation"": ""Implement application control policies to restrict execution of unapproved processes.""}","{""TTP_ID"": ""None (Benign)"", ""Explanation"": ""Standard web browser execution by the user.""}","{""Severity"": ""Low"", ""Mitigation"": ""None required.""}"
Task_003,True,10.82,True,10.85,"{""TTP_ID"": ""T1089"", ""Explanation"": ""A service account (NT LSA) attempted to log on as a standard user. This is highly suspicious, especially if the process executing this privilege escalation attempt has no known legitimate reason."", ""Severity"": ""critical"", ""Mitigation"": ""Restrict execution rights for non-administrative services and apply strict least privilege principles.""}","{""TTP_ID"": ""None (Benign)"", ""Explanation"": ""Routine system service logon event. Standard operation of the Windows Service.""}","{""Severity"": ""Low"", ""Mitigation"": ""None required.""}"
Task_004,True,8.04,True,14.29,"{""TTP_ID"": ""T1053.002"", ""Explanation"": ""A scheduled task executing a malicious payload via PowerShell."", ""Severity"": ""High"", ""Mitigation"": ""Disable or remove unfamiliar scheduled tasks.""}","{""TTP_ID"": ""T1053.002"", ""Explanation"": ""A scheduled task executing a malicious payload, indicating an adversary is using the System Shutdown/Reboot binary event to execute a pre-existing Powershell script.""}","{""Severity"": ""High"", ""Mitigation"": ""Disable scheduled tasks executing non-standard executables, implement application whitelisting.""}"
Task_005,True,10.64,True,15.54,"{""TTP_ID"": ""T1075"", ""Explanation"": ""The adversary is using Sysmon Procdump to monitor and dump the memory of an LSASS process for credential harvesting."", ""Severity"": ""High"", ""Mitigation"": ""Disable or restrict execution permissions for procdump.exe, apply strict firewall rules, enable Defense in Depth (DID) monitoring.""}","{""TTP_ID"": ""T1087"", ""Explanation"": ""The adversary executed the Sysinternals ProcDump utility to monitor and dump memory contents of the LSASS process for offensive forensic analysis or credential harvesting.""}","{""Severity"": ""High"", ""Mitigation"": ""Immediately terminate the affected process, investigate the security group policies allowing execution of Sysinterness tools by standard users, and implement strict least privilege controls.""}"
Task_006,True,9.12,True,12.44,"{""TTP_ID"": ""T1089"", ""Explanation"": ""Multiple failed logon attempts detected. This is indicative of a brute force attack targeting user accounts."", ""Severity"": ""High"", ""Mitigation"": ""Implement account lockout policies, monitor for anomalous activity, and consider MFA.""}","{""TTP_ID"": ""T1070.001"", ""Explanation"": ""Multiple failed logon attempts detected, indicating a brute force password guessing attack.""}","{""Severity"": ""High"", ""Mitigation"": ""Implement account lockout policies and monitor for credential stuffing attacks.""}"
Task_007,True,8.22,True,12.62,"{""TTP_ID"": ""T1053"", ""Explanation"": ""Creation of a scheduled task executing malicious code."", ""Severity"": ""High"", ""Mitigation"": ""Disable scheduled tasks. Quarantine or delete \""Updater\"" scheduled task.""}","{""TTP_ID"": ""T1053"", ""Explanation"": ""A scheduled task was created pointing to an executable, likely establishing persistence.""}","{""Severity"": ""High"", ""Mitigation"": ""Immediately terminate the suspicious scheduled task and conduct a thorough system scan with updated antivirus definitions.""}"
Task_008,True,8.56,True,14.2,"{""TTP_ID"": ""T1021"", ""Explanation"": ""Certutil is being abused to download a remote executable file, bypassing application control."", ""Severity"": ""High"", ""Mitigation"": ""Restrict execution of certutil.exe and monitor outbound network traffic.""}","{""TTP_ID"": ""T1209"", ""Explanation"": ""Indirect Command Execution via Certutil. The attacker is using certutil to download and extract a payload from an external server, bypassing standard file system monitoring.""}","{""Severity"": ""High"", ""Mitigation"": ""Block outbound HTTP/HTTPS requests containing executable payloads via advanced threat hunting or firewall rules.""}"
Task_009,True,7.89,True,13.26,"{""TTP_ID"": ""T1075"", ""Explanation"": ""Attacker is deleting the Security event log to cover their tracks."", ""Severity"": ""High"", ""Mitigation"": ""Regular backups of security logs and system integrity monitoring are essential.""}","{""TTP_ID"": ""T1078"", ""Explanation"": ""The Windows Event Utility was used to clear the Security event log, erasing traces of malicious activity.""}","{""Severity"": ""High"", ""Mitigation"": ""Immediately restore from backup. Conduct a thorough forensic investigation. Update antivirus signatures and apply patches.""}"
Task_010,True,8.94,True,13.97,"{""TTP_ID"": ""T1071"", ""Explanation"": ""The Volume Shadow Copy service is being abused to delete backup shadows, potentially destroying backups."", ""Severity"": ""High"", ""Mitigation"": ""Restrict execution permissions for vssadmin.exe and monitor volume shadow copy activity.""}","{""TTP_ID"": ""T1075"", ""Explanation"": ""VSS Deletion. The attacker is using the vssadmin utility to remove Volume Shadow Copies, effectively destroying backup copies of potentially malicious files.""}","{""Severity"": ""High"", ""Mitigation"": ""Enable System Restore, monitor volume shadow copy activity, restrict execution rights for non-admin users.""}"
Task_011,True,10.01,True,13.1,"{""TTP_ID"": ""T1021"", ""Explanation"": ""OS Credential Dumping. The attacker is running a tool to enumerate network shares and extract user credentials."", ""Severity"": ""High"", ""Mitigation"": ""Implement strict file and directory permissions, use account lockout policies, enable Network Access Protection (NAP), deploy advanced threat detection solutions.""}","{""TTP_ID"": ""T1027"", ""Explanation"": ""OS Credential Dumping. Running the ipconfig command from an administrative account can be used to map network shares and potentially dump LSASS credentials.""}","{""Severity"": ""High"", ""Mitigation"": ""Block outbound ICMP requests, apply least privilege access controls.""}"
Task_012,True,8.74,True,15.47,"{""TTP_ID"": ""T1218"", ""Explanation"": ""Process Hide. The WINWORD process is running with hidden window styles, indicating potential process hiding."", ""Severity"": ""High"", ""Mitigation"": ""Restrict execution of processes via the CreateDeferredProcess registry key.""}","{""TTP_ID"": ""T1218.003"", ""Explanation"": ""Process Hide/Disable. The WINWORD.EXE process is running with hidden or disabled window styles, suggesting it may be a malicious process hiding within the legitimate application.""}","{""Severity"": ""High"", ""Mitigation"": ""Quarantine the affected system. Immediately terminate WINWORD.EXE processes running with hidden or disabled window styles.""}"
Task_013,True,8.49,True,12.6,"{""TTP_ID"": ""T1569.001"", ""Explanation"": ""A routine background update executed by the Google Update service."", ""Severity"": ""None (Benign)"", ""Mitigation"": ""Ensure that downloaded updates are verified and originate from legitimate sources.""}","{""TTP_ID"": ""None (Benign)"", ""Explanation"": ""Scheduled system update process initiated by the Google Update service running under SYSTEM privileges.""}","{""Severity"": ""Low"", ""Mitigation"": ""None required (Benign). This is a legitimate execution of an antivirus or system update process.""}"
Task_014,True,7.6,True,11.75,"{""TTP_ID"": ""None (Benign)"", ""Explanation"": ""Windows Time service initiating a scheduled resynchronization."", ""Severity"": ""Low"", ""Mitigation"": ""Allow standard network time protocol traffic through the firewall.""}","{""TTP_ID"": ""None (Benign)"", ""Explanation"": ""The Windows Time Service is running a scheduled synchronization with an external time source. This is considered benign network administration activity.""}","{""Severity"": ""Low"", ""Mitigation"": ""None required.""}"
Task_015,True,8.26,True,10.41,"{   ""TTP_ID"": ""None (Benign)"",   ""Explanation"": ""Administrator checking the status of Background Intelligent Transfer Service (BITS) jobs."",   ""Severity"": ""Low"",   ""Mitigation"": ""N/A"" }","{""TTP_ID"": ""None (Benign)"", ""Explanation"": ""Windows Background Intelligent Transfer Service monitoring process running normally.""}","{""Severity"": ""Low"", ""Mitigation"": ""None required.""}"
Task_016,True,8.78,True,13.29,"{""TTP_ID"": ""T1546.008"", ""Explanation"": ""A malicious user account is being created by the attacker using the net command."", ""Severity"": ""High"", ""Mitigation"": ""Implement strict password policies and monitor Active Directory for unauthorized user creation.""}","{""TTP_ID"": ""T1136.004"", ""Explanation"": ""Account Creation. A new user account is being created by the attacker, likely to maintain persistent access.""}","{""Severity"": ""High"", ""Mitigation"": ""Immediately revoke permissions for backdoor_admin and conduct a thorough malicious code analysis.""}"
Task_017,True,9.0,True,13.54,"{""TTP_ID"": ""T1071"", ""Explanation"": ""Adversary added a new backdoor account to the local Administrator group for persistent access."", ""Severity"": ""High"", ""Mitigation"": ""Immediately revoke permissions of unauthorized accounts and conduct an in-depth malicious code analysis.""}","{""TTP_ID"": ""T1072"", ""Explanation"": ""Account Generation. The attacker is creating a new backdoor account with administrative privileges to maintain persistent access.""}","{""Severity"": ""High"", ""Mitigation"": ""Immediately revoke the unauthorized group membership, investigate audit logs for anomalous activity, and conduct a thorough malicious code analysis.""}"
Task_018,True,9.43,True,13.46,"{""TTP_ID"": ""T1053"", ""Explanation"": ""Windows Management Instrumentation (WMI) Impersonation. The attacker is abusing the WMI API to execute a malicious payload as SYSTEM."", ""Severity"": ""High"", ""Mitigation"": ""Restrict WMI execution rights, apply least privilege principles.""}","{""TTP_ID"": ""T1053.004"", ""Explanation"": ""Windows Management Instrumentation (WMI) Execution. The attacker abused the WMI API to spawn a malicious process, attempting system-level execution.""}","{""Severity"": ""High"", ""Mitigation"": ""Block outbound WMI calls at the firewall or endpoint.""}"
Task_019,True,9.84,True,13.52,"{""TTP_ID"": ""T1053"", ""Explanation"": ""Windows Defender Control Panel manipulation. The attacker executed a PowerShell command to permanently disable Windows Defender real-time monitoring."", ""Severity"": ""High"", ""Mitigation"": ""Immediately re-enable Windows Defender real-time monitoring and conduct a thorough malicious file scan.""}","{""TTP_ID"": ""T1562.004"", ""Explanation"": ""Impair Defenses by modifying Windows Defender settings to disable real-time monitoring, facilitating lateral movement.""}","{""Severity"": ""High"", ""Mitigation"": ""Immediately re-enable real-time monitoring on the affected endpoint and conduct a thorough malicious activity investigation.""}"
Task_020,True,8.1,True,13.71,"{""TTP_ID"": ""T1021"", ""Explanation"": ""A scheduled task executing a malicious executable from an untrusted network location."", ""Severity"": ""High"", ""Mitigation"": ""Disable or remove unauthorized scheduled tasks.""}","{""TTP_ID"": ""T1075"", ""Explanation"": ""Create or Modify System Files. Sysmon Event ID 1 indicates a process executed file system create, modify, or delete operations, commonly associated with malicious tampering.""}","{""Severity"": ""High"", ""Mitigation"": ""Quarantine the affected machine. Remove downloaded files from C:\\""}"
Task_021,True,9.75,True,12.97,"{""TTP_ID"": ""T1021"", ""Explanation"": ""Execution of systeminfo by an unprivileged user indicates potential lateral movement or privilege escalation."", ""Severity"": ""High"", ""Mitigation"": ""Restrict execution rights for non-administrative users. Implement application whitelisting.""}","{""TTP_ID"": ""T1027"", ""Explanation"": ""Bypass User Account Control (UAC). Systeminfo is running with elevated privileges, indicating an adversary bypassed UAC.""}","{""Severity"": ""High"", ""Mitigation"": ""Enable and enforce strict UAC policies. Implement application whitelisting.""}"
Task_022,True,8.56,True,12.57,"{""TTP_ID"": ""T1033"", ""Explanation"": ""Whoami executed by a non-admin user account, attempting to discover system privileges."", ""Severity"": ""High"", ""Mitigation"": ""Restrict execution rights for whoami.exe and other privilege checking utilities.""}","{""TTP_ID"": ""T1036"", ""Explanation"": ""Account Discovery. The attacker is running whoami to discover the current user context and potentially map Active Directory groups.""}","{""Severity"": ""High"", ""Mitigation"": ""Restrict execution of whoami.exe, implement least privilege access controls.""}"
Task_023,True,8.85,True,12.65,"{""TTP_ID"": ""T1043"", ""Explanation"": ""Large Scale Port Scanner. The attacker is using netstat to enumerate active connections and listening ports."", ""Severity"": ""High"", ""Mitigation"": ""Block outbound UDP/ICMP requests, apply strict firewall rules.""}","{""TTP_ID"": ""T1046"", ""Explanation"": ""The attacker is mapping the active network connections to identify potentially malicious communication endpoints.""}","{""Severity"": ""High"", ""Mitigation"": ""Implement strict firewall rules, apply least privilege access controls, and monitor outbound traffic for anomalies.""}"
Task_024,True,8.66,True,13.41,"{""TTP_ID"": ""T1047"", ""Explanation"": ""Ingress Tool Transfer. The attacker downloaded a malicious payload from an external server."", ""Severity"": ""High"", ""Mitigation"": ""Block outbound web traffic to known malicious domains, implement application control.""}","{""TTP_ID"": ""T1059"", ""Explanation"": ""Ingress Tool Transfer. The attacker used PowerShell to download an executable payload from a remote server.""}","{""Severity"": ""High"", ""Mitigation"": ""Block inbound HTTP/HTTPS traffic to malicious-c2.com, terminate process execution of powershell.exe.""}"
Task_025,True,8.61,True,13.79,"{""TTP_ID"": ""T1053"", ""Explanation"": ""DLL Injection via rundll32.exe executing a script."", ""Severity"": ""High"", ""Mitigation"": ""Restrict execution rights for non-system processes, implement application control.""}","{""TTP_ID"": ""T1209"", ""Explanation"": ""Web Service Execution. The attacker abused the rundll32.exe process to execute a malicious script hosted on an external server.""}","{""Severity"": ""High"", ""Mitigation"": ""Block outbound requests initiated by rundll32.exe using application control lists.""}"
Task_026,True,8.74,True,12.56,"{""TTP_ID"": ""T1075"", ""Explanation"": ""Attacker is searching the file system for unsecured files containing passwords or sensitive information."", ""Severity"": ""High"", ""Mitigation"": ""Implement strict file filtering, restrict access to directories containing sensitive data, and encrypt backup copies.""}","{""TTP_ID"": ""T1564.002"", ""Explanation"": ""Search Delegitimized Directory Service Principals All.""}","{""Severity"": ""High"", ""Mitigation"": ""Immediately isolate the affected server, reset passwords, and conduct a thorough forensic investigation.""}"
Task_027,True,10.67,True,14.41,"{""TTP_ID"": ""T1048"", ""Explanation"": ""File Exclusive Access (Remote Code Execution via File Copy). The attacker is using curl to upload a stolen archive directly to an external server."", ""Severity"": ""High"", ""Mitigation"": ""Block inbound and outbound traffic on port 8080, implement strict file permissions, conduct endpoint security scans.""}","{""TTP_ID"": ""T1496"", ""Explanation"": ""Data Exfiltration Over Alternative Protocol. The attacker is using the cURL utility to upload stolen data directly to an external server over HTTP.""}","{""Severity"": ""High"", ""Mitigation"": ""Block outbound connections on port 8080, especially by non-standard protocols or scripts.""}"
Task_028,True,14.01,True,13.79,"{""TTP_ID"": ""T1075"", ""Explanation"": ""ntdsutl.exe is the command-line utility for manipulating Active Directory Domain Data Services (AD DS) databases. The \""ac i ntds\"" and \""create full c:\temp\"" parameters indicate an attacker attempting to create a copy chain of the NTDS.dit file on a remote server."", ""Severity"": ""High"", ""Mitigation"": ""Implement strict firewall rules limiting inbound connections to port 389 (LDAP) and outbound connections from endpoints to domain controllers.""}","{""TTP_ID"": ""T1496"", ""Explanation"": ""OS Credential Dumping. The ntdsutil utility is being abused to dump credentials directly from the Active Directory database.""}","{""Severity"": ""High"", ""Mitigation"": ""Immediately isolate affected server, reset passwords, apply Microsoft patches, enable DPAPI enforcement.""}"
Task_029,True,7.56,True,13.75,"{""TTP_ID"": ""T1564"", ""Explanation"": ""Attrib command used to hide an executable file."", ""Severity"": ""High"", ""Mitigation"": ""Implement application whitelisting and monitor filesystem modifications.""}","{""TTP_ID"": ""T14S25"", ""Explanation"": ""Hide Artifacts. The attacker is using attrib to hide a malicious executable by setting hidden and system file attributes.""}","{""Severity"": ""High"", ""Mitigation"": ""Immediately audit the Temp directory for unexpected files, reset ADS credentials, apply restrictive file permissions.""}"
Task_030,True,9.26,True,15.36,"{""TTP_ID"": ""T1546"", ""Explanation"": ""Attacker modified the Sethc registry key to launch cmd.exe when Sticky Keys is triggered."", ""Severity"": ""High"", ""Mitigation"": ""Restore original sethc.exe binary from backup or system restore point.""}","{""TTP_ID"": ""T1546"", ""Explanation"": ""Access Request Monitoring. The registry is being modified to hijack the Sethc (Sticky Keys) binary, creating a backdoor for executing commands via standard input.""}","{""Severity"": ""High"", ""Mitigation"": ""Immediately isolate affected endpoint. Remove registry key and scan with antivirus. Update Defender ControlledFolderAccess policies.""}"
Task_031,True,8.01,True,11.34,"{""TTP_ID"": ""None (Benign)"", ""Explanation"": ""IT Administrator logging in via RDP."", ""Severity"": ""Low"", ""Mitigation"": ""Ensure secure remote access protocols and multi-factor authentication are enforced.""}","{""TTP_ID"": ""None (Benign)"", ""Explanation"": ""A successful remote desktop connection initiated by an IT administrator.""}","{""Severity"": ""Low"", ""Mitigation"": ""This is a normal event. No action required.""}"
Task_032,True,10.01,True,11.18,"{""TTP_ID"": ""T1237"", ""Explanation"": ""Silent/Untimed Execution of Binaries. The standard Windows Installer executing an MSI package silently without user interaction."", ""Severity"": ""Medium"", ""Mitigation"": ""Implement application whitelisting, restrict execution contexts to trusted directories.""}","{""TTP_ID"": ""None (Benign)"", ""Explanation"": ""Standard installation of a software package using the Windows Installer service.""}","{""Severity"": ""Low"", ""Mitigation"": ""None required.""}"
Task_033,True,9.07,True,12.08,"{""TTP_ID"": ""T1021"", ""Explanation"": ""A forced Group Policy update was executed, indicating potential adversary control."", ""Severity"": ""High"", ""Mitigation"": ""Immediately isolate affected endpoint. Investigate backdoor communications. Reset credentials and apply least privilege principles.""}","{""TTP_ID"": ""None (Benign)"", ""Explanation"": ""Routine system update process initiated by the Windows Group Policy Service.""}","{""Severity"": ""Low"", ""Mitigation"": ""None required. This is a benign execution of the native Windows gpupdate utility.""}"
Task_034,True,7.12,True,12.24,"{""TTP_ID"": ""None (Benign)"", ""Explanation"": ""Windows Defender executing a scheduled scan."", ""Severity"": ""Low"", ""Mitigation"": ""Allow system processes to run.""}","{""TTP_ID"": ""None (Benign)"", ""Explanation"": ""Initiation of a Windows Defender full system scan by the System process. This is considered benign, routine security maintenance.""}","{""Severity"": ""Low"", ""Mitigation"": ""None required.""}"
Task_035,True,12.86,True,13.85,"{""TTP_ID"": ""T1547.003"", ""Explanation"": ""Directory or Directory Server Service Discovery Protocol (NDS) / SMB Scan. The attacker is using the NetBIOS LM & NETBIOS SMB Discovery protocols to map the network and identify active servers."", ""Severity"": ""High"", ""Mitigation"": ""Restrict outbound NetBIOS LM/NTLM or disable unsecured WINS services. Implement network segmentation.""}","{""TTP_ID"": ""T1548.003"", ""Explanation"": ""Directory Browsing/Discovery. The adversary is mapping the file server directory structure to identify valuable resources for subsequent attacks.""}","{""Severity"": ""High"", ""Mitigation"": ""Implement strict NTFS permissions, apply network level filtering via DOS or Advanced Firewall rules.""}"
Task_036,True,9.93,True,14.38,"{""TTP_ID"": ""T1021"", ""Explanation"": ""Firewall Deactivation. The attacker disabled the Windows Defender Firewall to allow unrestricted inbound and outbound traffic."", ""Severity"": ""High"", ""Mitigation"": ""Enable System Audit Policy Changes. Monitor network connections using tools like Netstat or Process Explorer.""}","{""TTP_ID"": ""T1071"", ""Explanation"": ""Firewall Configuration Changes. The attacker disabled the Windows Defender Firewall to allow inbound and outbound traffic without restrictions.""}","{""Severity"": ""High"", ""Mitigation"": ""Immediately re-enable the firewall with strict rules, investigate network connections using tools like Netstat or Task Manager, isolate affected systems, and remove malicious processes.""}"
Task_037,True,10.51,True,14.67,"{""TTP_ID"": ""T1053"", ""Explanation"": ""Registry Run Keys Modification. The attacker modified the current user's Run registry key to automatically execute a malicious executable upon system startup."", ""Severity"": ""High"", ""Mitigation"": ""Immediately remove the malicious registry entry using regedit, and scan with an updated antivirus.""}","{""TTP_ID"": ""T1053"", ""Explanation"": ""Registry Run Keys Modification. The attacker modified the current user's registry to automatically start a malicious executable upon system login.""}","{""Severity"": ""High"", ""Mitigation"": ""Immediately revoke permissions of the malicious registry key, initiate an in-depth forensic analysis, and isolate affected systems.""}"
Task_038,True,8.89,True,15.41,"{""TTP_ID"": ""T1053"", ""Explanation"": ""A service has been installed with a malicious executable as its binPath."", ""Severity"": ""High"", ""Mitigation"": ""Immediately remove the unauthorized service using the sc delete command.""}","{""TTP_ID"": ""T1234"", ""Explanation"": ""Create or Modify System Processes. The attacker created a system service named \""WinUpdateSvc\"" pointing to an external executable, establishing persistent remote access.""}","{""Severity"": ""High"", ""Mitigation"": ""Immediately isolate the affected machine from the network. Conduct a forensic analysis and remove malicious components. Update antivirus signatures and scan all systems.""}"
Task_039,True,9.9,True,15.06,"{""TTP_ID"": ""T1546"", ""Explanation"": ""Process Injection via DLL Import. The injector process is loading a DLL into the memory space of another process (explorer.exe)."", ""Severity"": ""High"", ""Mitigation"": ""Enable DEP, Patch applications to fix vulnerabilities, Use application control solutions.""}","{""TTP_ID"": ""T1546"", ""Explanation"": ""Process Injection. The attacker executed a DLL (injector.exe) within the address space of another process (explorer.exe) to maintain persistence and control system execution.""}","{""Severity"": ""High"", ""Mitigation"": ""Implement application whitelisting, enable DEP, PSE, Control Flow Guard, execute your own code in memory only.""}"
Task_040,True,8.94,True,14.62,"{""TTP_ID"": ""T1053"", ""Explanation"": ""Windows Management Instrumentation (WMI) Call Create executing a malicious payload via PowerShell."", ""Severity"": ""High"", ""Mitigation"": ""Restrict WMI execution rights, implement application whitelisting.""}","{""TTP_ID"": ""T1529"", ""Explanation"": ""Windows Remote Management (WinRM) Protocol. The attacker is abusing the WinRM remote management protocol to execute a malicious payload.""}","{""Severity"": ""High"", ""Mitigation"": ""Disable or restrict inbound/outbound WinRM traffic, apply strict firewall rules.""}"
Task_041,True,10.77,True,13.47,"{""TTP_ID"": ""T1021"", ""Explanation"": ""DLL Injection via PSEXESVC (Windows Extensibility Utilities). The attacker is loading a malicious DLL into the context of another process using the Windows Extensibility Utility Service."", ""Severity"": ""High"", ""Mitigation"": ""Restrict execution permissions for non-standard processes, implement application whitelisting.""}","{""TTP_ID"": ""T1072"", ""Explanation"": ""Process Hide. The attacker is hiding a malicious process by renaming it to PSEXESVC, a legitimate system process.""}","{""Severity"": ""High"", ""Mitigation"": ""Enable defense mechanisms such as Windows Defender Application Guard or credential isolation.""}"
Task_042,True,8.64,True,16.08,"{""TTP_ID"": ""T1072.003"", ""Explanation"": ""A user attempted to add their account to the Domain Administrators group via Active Directory."", ""Severity"": ""High"", ""Mitigation"": ""Implement strict least privilege access controls and monitor directory modifications.""}","{""TTP_ID"": ""T1069"", ""Explanation"": ""Account Exfiltration over Alternative Protocol. The attacker is using the net group command to add their account to the Domain Admins group, attempting to escalate privileges and maintain persistent access.""}","{""Severity"": ""High"", ""Mitigation"": ""Immediately revoke permissions for non-admin accounts; enable DRSR (Defense in Depth Security Ruleset); conduct a thorough credential audit.""}"
Task_043,True,8.87,True,13.22,"{""TTP_ID"": ""T1021"", ""Explanation"": ""Domain Trust Discovery. The attacker is using nltest to discover domain trust relationships."", ""Severity"": ""High"", ""Mitigation"": ""Restrict network access for non-domain accounts and monitor NTLMASSP traffic.""}","{""TTP_ID"": ""T1037"", ""Explanation"": ""Domain Trust Discovery. The attacker is using nltest to enumerate domain trust relationships, identifying potential lateral movement targets.""}","{""Severity"": ""High"", ""Mitigation"": ""Implement least privilege access controls and monitor Active Directory extensively for unauthorized queries.""}"
Task_044,True,9.06,True,14.08,"{""TTP_ID"": ""T1047"", ""Explanation"": ""BITSAdmin being abused to download an executable payload from a malicious C2 server."", ""Severity"": ""High"", ""Mitigation"": ""Disable BITSAdmin, restrict execution permissions for this process, and monitor network traffic.""}","{""TTP_ID"": ""T1046"", ""Explanation"": ""BITS Managed Transfers. The attacker is abusing the Background Intelligent Transfer Service (BITS) to download a malicious payload, attempting to bypass standard firewall filtering.""}","{""Severity"": ""High"", ""Mitigation"": ""Block inbound BITS traffic on non-standard ports or completely.""}"
Task_045,True,9.64,True,14.45,"{""TTP_ID"": ""T1569.004"", ""Explanation"": ""A malicious executable is executing the File and Directory Handler API (Fodhelper) process to hide its child processes."", ""Severity"": ""High"", ""Mitigation"": ""Restrict execution rights for non-system processes, implement application whitelisting.""}","{""TTP_ID"": ""T1569.004"", ""Explanation"": ""File and Directory Discovery. The attacker executed a script or executable that is known to be malicious, attempting to discover the file system structure of the compromised host.""}","{""Severity"": ""High"", ""Mitigation"": ""Quarantine affected processes and inspect network traffic for C:\temp\backdoor.exe communication.""}"
Task_046,True,9.87,True,15.92,"{""TTP_ID"": ""T1562.003"", ""Explanation"": ""Domain DNS Poisoning (OS). The attacker modified the Active Directory DNS records to redirect traffic to a malicious server."", ""Severity"": ""High"", ""Mitigation"": ""Implement least privilege access controls, monitor and audit DNS changes.""}","{""TTP_ID"": ""T1562.003"", ""Explanation"": ""Domain DNS Hijacking. The attacker modified Active Directory DNS settings to redirect traffic, likely attempting lateral movement or credential harvesting.""}","{""Severity"": ""High"", ""Mitigation"": ""Immediately restore original AD DSCOPY and NSD records from backups. Enforce least privilege access controls, monitor outbound DNS requests for anomalies.""}"
Task_047,True,9.76,True,14.73,"{""TTP_ID"": ""T1037"", ""Explanation"": ""Domain Name System (DNS) queries using external threat intelligence. The attacker is querying a domain known to be associated with malicious infrastructure."", ""Severity"": ""High"", ""Mitigation"": ""Implement strict DNS filtering, apply whitelisting for allowed domains.""}","{""TTP_ID"": ""T1036"", ""Explanation"": ""Domain Name System (DNS) Enumeration. The attacker is querying a DNS subdomain to discover internal network resources.""}","{""Severity"": ""High"", ""Mitigation"": ""Implement strict firewall rules to block outbound DNS queries, deploy DNS Security Extensions (DNSSEC), and conduct regular security awareness training.""}"
Task_048,True,10.36,True,13.94,"{""TTP_ID"": ""T1493"", ""Explanation"": ""File Modification. The attacker modified the file timestamps of a malicious executable to make it appear as an old, benign system file."", ""Severity"": ""High"", ""Mitigation"": ""Implement strict file integrity monitoring using tools like Sysmon or Windows Defender System Guard.""}","{""TTP_ID"": ""T1464"", ""Explanation"": ""File Modification. The attacker modified the timestamps of a malicious executable to hide their modifications and maintain persistence.""}","{""Severity"": ""High"", ""Mitigation"": ""Quarantine affected files, investigate system logs for additional indicators of compromise, update antivirus signatures.""}"
Task_049,True,9.75,True,15.87,"{""TTP_ID"": ""T1053"", ""Explanation"": ""Keylogging via PowerShell. A script running in memory is using the Windows Forms API to capture keystrokes."", ""Severity"": ""High"", ""Mitigation"": ""Block known malicious processes, apply application whitelisting, enable PIN protection on smart cards.""}","{""TTP_ID"": ""T1562"", ""Explanation"": ""Keylogging. A background process is running PowerShell with a tight loop, using the SendKeys method to capture keystrokes and potentially transmit them over an unsecured network.""}","{""Severity"": ""High"", ""Mitigation"": ""Immediately terminate the process. Conduct a thorough system scan with updated antivirus software. Implement application whitelisting and monitor outbound network traffic for anomalies.""}"
Task_050,True,9.7,True,11.08,"{""TTP_ID"": ""T1021"", ""Explanation"": ""DCOM Remotely Executed Code Proxy Execution. The WinRM service is being abused via DCOM to execute malicious scripts remotely."", ""Severity"": ""High"", ""Mitigation"": ""Disable or restrict outbound access to the WinRM service.""}","{""TTP_ID"": ""None (Benign)"", ""Explanation"": ""Routine Windows Remote Procedure Call (RPC) service executing.""}","{""Severity"": ""Low"", ""Mitigation"": ""None required.""}"
Task_051,True,10.51,True,12.42,"{""TTP_ID"": ""T1053"", ""Explanation"": ""Domain Admin Backdoor. The IT Administrator launched the Active Directory Domain Services console using the run command, suggesting privilege escalation or lateral movement."", ""Severity"": ""High"", ""Mitigation"": ""Implement principle of least privilege (PoLP). Audit domain controller access logs and apply strict firewall rules.""}","{""TTP_ID"": ""None (Benign)"", ""Explanation"": ""IT Administrator launching the Active Directory Domestic System Administrator console.""}","{""Severity"": ""Low"", ""Mitigation"": ""None (Benign). This is a standard administrative action.""}"
Task_052,True,9.83,True,11.78,"{""TTP_ID"": ""T1021"", ""Explanation"": ""Windows Update Squatting. A process named TiWorker.exe is executing system privileges, commonly associated with the TrickBot malware."", ""Severity"": ""High"", ""Mitigation"": ""Quarantine affected systems. Scan for additional malicious artifacts.""}","{""TTP_ID"": ""None (Benign)"", ""Explanation"": ""Windows Trusted Installer executing a routine update or installation process.""}","{""Severity"": ""Low"", ""Mitigation"": ""This is benign behavior. No action required.""}"
Task_053,True,7.24,True,13.14,"{""TTP_ID"": ""None (Benign)"", ""Explanation"": ""A scheduled Windows Task executing a legitimate backup script."", ""Severity"": ""Low"", ""Mitigation"": ""N/A""}","{""TTP_ID"": ""None (Benign)"", ""Explanation"": ""A scheduled Windows Task executing a legitimate backup PowerShell script by the Backup Service account.""}","{""Severity"": ""Low"", ""Mitigation"": ""None required (Benign). This is an expected behavior of the Backup Service running its scheduled maintenance scripts.""}"
Task_054,True,10.46,True,15.93,"{""TTP_ID"": ""T1496"", ""Explanation"": ""Remote System Discovery / Remote Code Execution via Sysinternals Sysmon. The attacker is attempting to execute a process using the Print Spooler service."", ""Severity"": ""High"", ""Mitigation"": ""Disable or restrict inbound/outbound communications for the Print Spooler service.""}","{""TTP_ID"": ""T1490"", ""Explanation"": ""Remote Frontend Attack (OS Credential Dumping). The Spoolsvc process attempted to communicate over port 9100, a known Microsoft Print Job Port used by Active Directory Domain Controller Backdoor.""}","{""Severity"": ""High"", ""Mitigation"": ""Block outbound traffic on port 9100 from non-trusted networks. Immediately isolate affected systems and initiate an investigation.""}"
Task_055,True,9.05,True,11.03,"{""TTP_ID"": ""T1078"", ""Explanation"": ""Launch Task Manager via system debugger. A process is executing the native Windows Task Manager using the CreateProcess function."", ""Severity"": ""High"", ""Mitigation"": ""Restrict execution rights for non-admin users, implement application control policies.""}","{""TTP_ID"": ""None (Benign)"", ""Explanation"": ""Launch of the Windows Task Manager by an end user is benign.""}","{""Severity"": ""Low"", ""Mitigation"": ""None required.""}"
Task_056,True,8.78,True,13.11,"{""TTP_ID"": ""T1071"", ""Explanation"": ""Attacker is deleting the PowerShell history file to destroy forensic evidence and remove traces of their activities."", ""Severity"": ""High"", ""Mitigation"": ""Implement strict file permissions. Monitor directory access via auditing.""}","{""TTP_ID"": ""T1082"", ""Explanation"": ""The attacker executed a command to delete the PowerShell history file, attempting to remove forensic evidence and maintain persistence.""}","{""Severity"": ""High"", ""Mitigation"": ""Immediately restore deleted files from backup. Implement strict execution policies. Monitor network traffic.""}"
Task_057,True,10.58,True,16.06,"{""TTP_ID"": ""T1589.003"", ""Explanation"": ""Kerberoasting. The adversary is attempting to obtain service account credentials by requesting service tickets and brute-forcing the password hash."", ""Severity"": ""High"", ""Mitigation"": ""Implement least privilege access controls, monitor Active Directory audit logs, disable unused accounts.""}","{""TTP_ID"": ""T1564.003"", ""Explanation"": ""Kerberoasting. The adversary executed Rubeus, a tool designed for kerberoasting attacks, attempting to obtain service account passwords by requesting service tickets.""}","{""Severity"": ""High"", ""Mitigation"": ""Immediately revoke compromised credentials and reset affected user accounts. Enforce multi-factor authentication for Active Directory. Deploy an advanced threat hunting solution to identify additional malicious activity.""}"
Task_058,True,7.69,True,13.58,"{""TTP_ID"": ""T1071"", ""Explanation"": ""Launchd executed a malicious executable."", ""Severity"": ""High"", ""Mitigation"": ""Restrict execution permissions for non-standard processes and monitor launchd activity.""}","{""TTP_ID"": ""T1548.002"", ""Explanation"": ""Create or Modify System Files. The parent process (malware.exe) is modifying the Event Viewer binary to maintain persistence.""}","{""Severity"": ""High"", ""Mitigation"": ""Quarantine affected machine, remove malicious registry keys, restore backups.""}"
Task_059,True,9.32,True,14.16,"{""TTP_ID"": ""T1027"", ""Explanation"": ""Remote Code Execution via Web Requests. The attacker is using PowerShell to download and execute a remote payload."", ""Severity"": ""High"", ""Mitigation"": ""Implement application control, restrict outbound web traffic, employ DNS filtering.""}","{""TTP_ID"": ""T1047"", ""Explanation"": ""Remote Code Execution. The attacker used PowerShell to download and execute a remote payload, bypassing standard security controls.""}","{""Severity"": ""High"", ""Mitigation"": ""Block outbound HTTP/HTTPS requests from the endpoint, especially those attempting to download files from untrusted sources.""}"
Task_060,True,8.7,True,16.23,"{""TTP_ID"": ""T1053"", ""Explanation"": ""Mimikatz is running with domain credentials to extract hashed passwords."", ""Severity"": ""High"", ""Mitigation"": ""Restrict execution rights, apply PAM policies, enable account lockout policies.""}","{""TTP_ID"": ""T1069"", ""Explanation"": ""DCOM Credential Dumping. The attacker is using the Mimikatz tool to extract NTLM hashes of domain user accounts via LSASS (Windows Security Account Manager) memory.""}","{""Severity"": ""High"", ""Mitigation"": ""Immediate. Enforce strong password policies, disable LSASS backup, restrict DCOM remote configuration, and deploy advanced threat detection solutions.""}"
Task_061,True,9.49,True,13.82,"{""TTP_ID"": ""T1071"", ""Explanation"": ""File Deletion. The attacker is using the cipher utility to overwrite deleted files, hiding shims or malicious payloads."", ""Severity"": ""High"", ""Mitigation"": ""Enable auditing for file deletion events and monitor Active Directory Event Logs.""}","{""TTP_ID"": ""T1072.003"", ""Explanation"": ""The attacker is hiding a malicious filesystem partition to evade detection by the host operating system.""}","{""Severity"": ""High"", ""Mitigation"": ""Immediately unmap all hidden volumes using Sysinternals SDelete or similar tools, and conduct a thorough forensic investigation.""}"
Task_062,True,9.06,True,16.78,"{""TTP_ID"": ""T1071"", ""Explanation"": ""A scheduled task executing a PowerShell command to compress sensitive files into an archive for exfiltration."", ""Severity"": ""High"", ""Mitigation"": ""Disable scheduled tasks. Implement application whitelisting and monitor execution policies.""}","{""TTP_ID"": ""T1234"", ""Explanation"": ""Compress Entire File System or Directory Tree. A script is being used to compress an entire directory containing sensitive documents into a compressed archive, likely for exfiltration.""}","{""Severity"": ""High"", ""Mitigation"": ""Immediately terminate the offending process, conduct a thorough investigation including endpoint and network logs, remove the malicious archive, sanitize affected systems, update firewall rules to block outbound SMB traffic on non-standard ports.""}"
Task_063,True,9.9,True,15.02,"{""TTP_ID"": ""T1021"", ""Explanation"": ""Remote System Discovery via Secure Copy (SCP). The attacker is using the SCP protocol to discover active systems within the network."", ""Severity"": ""High"", ""Mitigation"": ""Block outbound SCP traffic at the firewall. Implement strict least privilege access controls.""}","{""TTP_ID"": ""T1043"", ""Explanation"": ""Secure Copy (SCP). The attacker is using the Secure Copy protocol over an insecure network to exfiltrate data directly from the compromised host.""}","{""Severity"": ""High"", ""Mitigation"": ""Immediately terminate outbound SCP connections, block port 22 at the firewall, and conduct a thorough forensic investigation.""}"
Task_064,True,9.41,True,14.32,"{""TTP_ID"": ""T1021"", ""Explanation"": ""Network Sniffing. The attacker is running a packet capture utility to monitor network traffic and potentially identify unencrypted sensitive information."", ""Severity"": ""High"", ""Mitigation"": ""Enforce strict firewall rules, segment networks, encrypt sensitive communications.""}","{""TTP_ID"": ""T1043"", ""Explanation"": ""Network Sniffing. The attacker is running a network protocol analyzer to capture unencrypted traffic on the local network.""}","{""Severity"": ""High"", ""Mitigation"": ""Immediately terminate tshark process, enforce strict firewall rules, segment sensitive networks, and implement encryption for all outbound/inbound communications.""}"
Task_065,True,9.02,True,17.24,"{""TTP_ID"": ""T1053"", ""Explanation"": ""A scheduled registry hijack was performed to execute a malicious payload upon process exit."", ""Severity"": ""High"", ""Mitigation"": ""Implement strict registry whitelisting policies and monitor for unauthorized modifications.""}","{""TTP_ID"": ""T1546"", ""Explanation"": ""Create or Modify System Process Execution Prohibition. The attacker is modifying the SilentProcessExit registry key to launch a dumpster application (dumpper.exe) upon process exit, likely for credential harvesting.""}","{""Severity"": ""High"", ""Mitigation"": ""Immediately isolate the affected system. Remove malicious registry keys and reverse file deletion. Update antivirus signatures and initiate a forensic investigation.""}"
Task_066,True,8.12,True,15.34,"{""TTP_ID"": ""None (Benign)"", ""Explanation"": ""Windows Management Instrumentation (WMI) deleting the Shadow Copy service. This is a legitimate administrative action."", ""Severity"": ""Low"", ""Mitigation"": ""N/A""}","{""TTP_ID"": ""T1569.002"", ""Explanation"": ""The Windows Management Instrumentation (WMI) subsystem was abused to execute a delete command on the Shadowcopy folder, attempting to wipe backup images.""}","{""Severity"": ""High"", ""Mitigation"": ""Immediately isolate affected systems. Scan for malicious artifacts. Restore from backups if necessary. Update WMI permissions and monitor outbound traffic.""}"
Task_067,True,10.91,True,14.23,"{""TTP_ID"": ""T1464"", ""Explanation"": ""File Deletion / Destructive Infrastructure. The attacker executed a script to rename all PDF files in the Public Documents directory, effectively hiding them with an .encrypted extension."", ""Severity"": ""High"", ""Mitigation"": ""Immediate file system restoration from backup is required. Ensure robust endpoint security solutions are deployed.""}","{""TTP_ID"": ""T1490"", ""Explanation"": ""Renames Files/Directories. The attacker is using a script to rename all PDF files in the Public Documents directory to an encrypted format, effectively hiding them.""}","{""Severity"": ""High"", ""Mitigation"": ""Quarantine affected files, initiate backup procedures, and deploy antivirus signatures.""}"
Task_068,True,11.09,True,14.12,"{""TTP_ID"": ""T1021"", ""Explanation"": ""ARP Cache Poisoning. The attacker is running arp.exe to poison the ARP cache of a victim machine, associating their MAC address with the IP address of a trusted network gateway."", ""Severity"": ""High"", ""Mitigation"": ""Enable dynamic ARP inspection (DAD) on network switches and monitor ARP traffic.""}","{""TTP_ID"": ""T1029"", ""Explanation"": ""System Network Configuration Discovery. The attacker is using the arp utility to map out local network topology and identify other devices on the subnet.""}","{""Severity"": ""High"", ""Mitigation"": ""Block inbound ARP requests at the firewall, implement strict access control lists (ACLs), monitor ARP traffic for anomalies.""}"
Task_069,True,9.01,True,13.59,"{""TTP_ID"": ""T1072.003"", ""Explanation"": ""A malicious process is modifying the startup type of the Windows Defender service to disable it."", ""Severity"": ""High"", ""Mitigation"": ""Restore default settings using the Group Policy Editor or Rube Goldberg machine.""}","{""TTP_ID"": ""T1072"", ""Explanation"": ""Impair System Process Discovery. The attacker disabled the Windows Defender service to remove traces of their malicious activities and maintain persistence.""}","{""Severity"": ""High"", ""Mitigation"": ""Restore WinDefend service, conduct a forensic analysis, remove malware, apply patches.""}"
Task_070,True,10.85,True,13.45,"{""TTP_ID"": ""T1562"", ""Explanation"": ""VSS Administrator Discovery and Exfiltration. The attacker is using the VssAdmin utility to discover volumes, determine free space, and potentially exfiltrate data."", ""Severity"": ""High"", ""Mitigation"": ""Restrict execution rights for vssadmin.exe via AppLocker or ADS Group Policy.""}","{""TTP_ID"": ""T1562"", ""Explanation"": ""The attacker is manually resizing the Volume Shadow Copies to limit disk space, causing legitimate processes to fail when attempting to create new backups.""}","{""Severity"": ""High"", ""Mitigation"": ""Implement monitoring for abnormal VSS activity and restrict execution rights.""}"
Task_071,True,9.87,True,11.21,"{""TTP_ID"": ""T1529"", ""Explanation"": ""A user executed a Docker command to start an untrusted container mapping external ports, potentially exposing the host network."", ""Severity"": ""High"", ""Mitigation"": ""Implement strict firewall rules limiting inbound and outbound traffic for containers. Enforce least privilege access controls.""}","{""TTP_ID"": ""None (Benign)"", ""Explanation"": ""A developer is starting a standard NGINX container using Docker.""}","{""Severity"": ""Low"", ""Mitigation"": ""Allow benign development activity.""}"
Task_072,True,9.5,True,10.63,"{""TTP_ID"": ""T1021"", ""Explanation"": ""Remote Code Execution via SSH. The IT administrator initiated an outbound SSH connection to a remote host."", ""Severity"": ""High"", ""Mitigation"": ""Implement strict firewall rules, apply the principle of least privilege, and regularly audit outbound connections.""}","{""TTP_ID"": ""None (Benign)"", ""Explanation"": ""Routine remote administration using the secure shell protocol.""}","{""Severity"": ""Low"", ""Mitigation"": ""None required.""}"
Task_073,True,9.23,True,13.55,"{""TTP_ID"": ""T1072.004"", ""Explanation"": ""Attacker is using SDelete to overwrite the file system and hide deleted files."", ""Severity"": ""High"", ""Mitigation"": ""Implement strict access controls, monitor usage of third-party tools, conduct regular backups.""}","{""TTP_ID"": ""T1206"", ""Explanation"": ""The attacker is using a tool to securely overwrite deleted files, attempting to conceal artifacts of data exfiltration.""}","{""Severity"": ""High"", ""Mitigation"": ""Immediately initiate an investigation. Quarantine affected systems and restore from backups.""}"
Task_074,True,9.5,True,11.65,"{""TTP_ID"": ""T1029"", ""Explanation"": ""An adversary is using PowerShell to extract detailed security event logs for further analysis or exfiltration."", ""Severity"": ""High"", ""Mitigation"": ""Restrict execution of PowerShell. Implement system monitoring and alerting on large-scale log retrieval.""}","{""TTP_ID"": ""None (Benign)"", ""Explanation"": ""A security analyst executing a routine query of the Windows Security Event Log. This is considered normal system monitoring.""}","{""Severity"": ""Low"", ""Mitigation"": ""None required.""}"
Task_075,True,9.03,True,16.92,"{""TTP_ID"": ""T1021"", ""Explanation"": ""OpenVPN Traffic. The standard inbound UDP port for OpenVPN connections (port 1194). This is benign."", ""Severity"": ""Low"", ""Mitigation"": ""None required.""}","{""TTP_ID"": ""T1027"", ""Explanation"": ""Outbound Proxy Execution. A process (OpenVPN) is communicating over an external network port (UDP 1194), commonly used by VPNs, suggesting the adversary is using a proxy server to exfiltrate data.""}","{""Severity"": ""High"", ""Mitigation"": ""Immediately isolate affected endpoint and terminate openvpn processes. Conduct an exhaustive forensic investigation on the compromised system.""}"
Task_076,True,10.6,True,14.55,"{""TTP_ID"": ""T1053"", ""Explanation"": ""Remote Registry Service Discovery Attack. The attacker is attempting to discover the registry keys associated with a malicious DLL (scrobj.dll) hosted on an external server."", ""Severity"": ""High"", ""Mitigation"": ""Restrict outbound remote registry queries via firewall or apply strict least privilege access controls.""}","{""TTP_ID"": ""T1218"", ""Explanation"": ""System Binary Proxy Execution. The regsvr32 process is being abused to execute a remote malicious DLL, bypassing application whitelisting.""}","{""Severity"": ""High"", ""Mitigation"": ""Block outbound HTTP/HTTPS requests initiated by regsvr32 using Application Control Policies.""}"
Task_077,True,9.6,True,16.24,"{""TTP_ID"": ""T1053"", ""Explanation"": ""A scheduled task executing a malicious payload. The attacker configured the Task Scheduler to trigger a Powershell script upon system startup."", ""Severity"": ""High"", ""Mitigation"": ""Disable or remove unauthorized scheduled tasks, apply least privilege principles.""}","{""TTP_ID"": ""T1053"", ""Explanation"": ""A malicious process or script is running. The attacker executed a PowerShell command to create an Event Filter, likely establishing persistence by monitoring for specific changes via the WMI event provider.""}","{""Severity"": ""High"", ""Mitigation"": ""Immediately isolate the affected system. Remove malicious registry entries using Rubeus or Sysinternals SDelete. Update antivirus signatures and perform a thorough system scan.""}"
Task_078,True,10.31,True,14.2,"{""TTP_ID"": ""T1569.004"", ""Explanation"": ""File/Buffer Overflow. The attacker is replacing the legitimate Calculate executable with a malicious payload to execute arbitrary code."", ""Severity"": ""High"", ""Mitigation"": ""Implement application whitelisting, enable DEP and PSEUDO_USER_SID controls.""}","{""TTP_ID"": ""T1464"", ""Explanation"": ""Hide Artifacts or Proc. Exfil. A malicious process is replacing an existing legitimate system process to evade detection.""}","{""Severity"": ""High"", ""Mitigation"": ""Immediately isolate the affected host, terminate suspicious processes, and initiate a forensic investigation.""}"
Task_079,True,9.27,True,14.14,"{""TTP_ID"": ""T1053"", ""Explanation"": ""Process Hide/Rename. The attacker is hiding a malicious process by renaming it to blend in with normal system processes."", ""Severity"": ""High"", ""Mitigation"": ""Restrict file and registry manipulation permissions, monitor running processes.""}","{""TTP_ID"": ""T1070.003"", ""Explanation"": ""Windows Remote Procedure Call (RPC) executed by malicious program. The attacker is abusing the RPC protocol to execute a remote payload.""}","{""Severity"": ""High"", ""Mitigation"": ""Block inbound/outbound RPC requests at firewall, apply Windows Defender Signature.""}"
Task_080,True,10.03,True,14.26,"{""TTP_ID"": ""T1038"", ""Explanation"": ""Copy Duplicate Executable. The attacker copied the command prompt executable and replaced it with a malicious copy to maintain system integrity while executing their payload."", ""Severity"": ""High"", ""Mitigation"": ""Implement application whitelisting, monitor file hashes, restrict write permissions on critical directories.""}","{""TTP_ID"": ""T1464"", ""Explanation"": ""Masquerading. The attacker copied the command prompt executable and renamed it to svchost.exe to blend in with normal system processes.""}","{""Severity"": ""High"", ""Mitigation"": ""Immediately quarantine affected systems, initiate forensic analysis, update antivirus signatures.""}"
Task_081,True,9.94,True,15.25,"{""TTP_ID"": ""T1564"", ""Explanation"": ""Create Account. The attacker executed a PowerShell command to create a new local user account with an insecure password."", ""Severity"": ""High"", ""Mitigation"": ""Implement strict password policies, monitor account creation events, and restrict execution of untrusted scripts.""}","{""TTP_ID"": ""T1564.002"", ""Explanation"": ""Create Accounts. The adversary executed a PowerShell command to create a new local user account with an insecure password.""}","{""Severity"": ""High"", ""Mitigation"": ""Immediately revoke the newly created account privileges, force strong password policies enforcement via Active Directory Group Policy or Azure AD, and conduct a thorough investigation.""}"
Task_082,True,9.74,True,12.64,"{""TTP_ID"": ""T1098"", ""Explanation"": ""Account Lockout Policy Modification. The WMI API is being abused to reset the password expiration policy for a highly privileged account."", ""Severity"": ""High"", ""Mitigation"": ""Restrict outbound WMI calls, apply principle of least privilege, monitor account modifications.""}","{""TTP_ID"": ""None (Benign)"", ""Explanation"": ""Standard Windows Management Instrumentation Command-line interface used to reset the password expiration policy for a user account. This is considered benign administrative maintenance.""}","{""Severity"": ""Low"", ""Mitigation"": ""None required.""}"
Task_083,True,10.73,True,14.82,"{""TTP_ID"": ""T1082"", ""Explanation"": ""OS Credential Dumping via the Windows Command Prompt. The attacker is using xcopy to overwrite the SAM file with a copy they have previously acquired."", ""Severity"": ""High"", ""Mitigation"": ""Enable PSE (Prevention of System Shadow copies). Implement account lockout policies and monitor suspicious processes.""}","{""TTP_ID"": ""T1562"", ""Explanation"": ""OS Credential Dumping. The attacker is copying a copy of the Windows Security Account Manager (SAM) file to a temporary directory for offline password hash extraction.""}","{""Severity"": ""High"", ""Mitigation"": ""Immediately disconnect affected systems from the network, initiate an in-depth forensic investigation, and reset all passwords.""}"
Task_084,True,12.5,True,15.85,"{""TTP_ID"": ""T1548.016"", ""Explanation"": ""DCOM Event Requests. A process is attempting to establish a remote event filter MUTANT (WmiPrvSE.exe). This behavior is highly indicative of an adversary using the WMI Execution API via DCOM."", ""Severity"": ""High"", ""Mitigation"": ""Disable or restrict outbound access to the WinDefend process through firewall rules, apply Application Whitelisting.""}","{""TTP_ID"": ""T1569.004"", ""Explanation"": ""Windows Management Instrumentation (WMI) Injection. A process is executing WmiPrvSE.exe, a known DLL used by malicious tools to execute code within the context of the WinRM service.""}","{""Severity"": ""High"", ""Mitigation"": ""Disable or restrict outbound access to WMI over HTTP/HTTPS, apply Application Whitelisting.""}"
Task_085,True,10.66,True,13.55,"{""TTP_ID"": ""T1053"", ""Explanation"": ""Active Directory enumeration. The attacker is using the PowerShell cmdlet \""Get-ADComputer\"" to enumerate all computers within the Active Directory domain and retrieve their IP addresses."", ""Severity"": ""High"", ""Mitigation"": ""Implement strict firewall rules, apply least privilege access controls, regularly audit directory permissions.""}","{""TTP_ID"": ""T1029"", ""Explanation"": ""Remote Server Configuration. The adversary is using PowerShell to query Active Directory for a list of computers within the network and extract their IP addresses.""}","{""Severity"": ""High"", ""Mitigation"": ""Implement strict firewall rules, apply least privilege access controls, monitor outbound DNS requests.""}"
Task_086,True,9.4,True,15.04,"{""TTP_ID"": ""T1072.003"", ""Explanation"": ""Attacker is copying the Active Directory database (NTDSUTIL) to a local disk."", ""Severity"": ""High"", ""Mitigation"": ""Enable DSRMC monitoring, restrict NETSDRV group, monitor SAM events.""}","{""TTP_ID"": ""T1072"", ""Explanation"": ""OS Credential Dumping. The Extensible Storage Engine utility (esentutl.exe) is being used to copy the Active Directory database (NTDS.dit) to a local file system directory.""}","{""Severity"": ""High"", ""Mitigation"": ""Immediately isolate affected server, initiate incident response, and begin forensic analysis.""}"
Task_087,True,9.28,True,14.93,"{""TTP_ID"": ""T1082"", ""Explanation"": ""File Access Permissions Modification. The attacker is granting full control permissions to Everyone for a malicious payload."", ""Severity"": ""High"", ""Mitigation"": ""Implement strict file and folder permissions, monitor ACL changes with Directory Integrity Tools.""}","{""TTP_ID"": ""T1234"", ""Explanation"": ""File and Directory Permissions Modification. The attacker is granting full control permissions to Everyone for a malicious payload, ensuring system-wide execution.""}","{""Severity"": ""High"", ""Mitigation"": ""Immediately revoke the full control permissions from 'Everyone' and conduct an in-depth security audit to identify any installed malicious tools.""}"
Task_088,True,9.12,True,15.35,"{""TTP_ID"": ""T1021"", ""Explanation"": ""Network Disconnection. The attacker executed a command to disable the primary network adapter, attempting to isolate the host from the network."", ""Severity"": ""High"", ""Mitigation"": ""Enable System Audit Policy Setting: Failure Access Denied Events""}","{""TTP_ID"": ""T1529"", ""Explanation"": ""Impair Defenses. The adversary executed a command to disable the primary network adapter, attempting to isolate the host from the network and disrupt communication.""}","{""Severity"": ""High"", ""Mitigation"": ""Immediately re-enable the disabled network adapter using native or third-party tools. Conduct an in-depth forensic analysis to determine the scope of the breach and remediate affected systems.""}"
Task_089,True,10.65,True,14.5,"{""TTP_ID"": ""T1218"", ""Explanation"": ""Invoke with full external access via HTA. The attacker is executing a VBScript payload using the Windows Script Host (mshta.exe) to bypass execution policies."", ""Severity"": ""High"", ""Mitigation"": ""Restrict execute permissions for mshta.exe, implement application control solutions that inspect script content.""}","{""TTP_ID"": ""T1218"", ""Explanation"": ""Web Browser Execution. The attacker abused the Microsoft HTML Application host (mshta.exe) to execute a VBScript payload downloaded from an external malicious server.""}","{""Severity"": ""High"", ""Mitigation"": ""Block inbound/outbound HTTP requests to malicious domains, restrict execution of mshta.exe.""}"
Task_090,True,9.42,True,14.52,"{""TTP_ID"": ""T1021"", ""Explanation"": ""Application Layer Protocol. A known malicious executable communicating externally over port 443."", ""Severity"": ""High"", ""Mitigation"": ""Quarantine endpoint, initiate network ransomware response protocol.""}","{""TTP_ID"": ""T1027"", ""Explanation"": ""Application Layer Protocol. A known malicious executable communicating externally over HTTPS (port 443), likely attempting to exfiltrate data or command and control.""}","{""Severity"": ""High"", ""Mitigation"": ""Isolate affected endpoint, terminate external processes, initiate network segmentation.""}"
Task_091,True,7.63,True,11.67,"{""TTP_ID"": ""T1071.002"", ""Explanation"": ""A scheduled task executing a cleanup routine, likely benign."", ""Severity"": ""Low"", ""Mitigation"": ""None required.""}","{""TTP_ID"": ""None (Benign)"", ""Explanation"": ""Windows Disk Cleanup running in scheduled service mode.""}","{""Severity"": ""Low"", ""Mitigation"": ""This is a standard background maintenance task by the Windows operating system.""}"
Task_092,True,8.64,True,11.78,"{""TTP_ID"": ""None (Benign)"", ""Explanation"": ""Legitimate MSBuild process executing a Visual Studio solution file."", ""Severity"": ""Low"", ""Mitigation"": ""Enforce application whitelisting. Monitor directory access patterns.""}","{""TTP_ID"": ""None (Benign)"", ""Explanation"": ""A developer executing an automated build process using MSBuild.""}","{""Severity"": ""Low"", ""Mitigation"": ""None required.""}"
Task_093,True,8.73,True,12.43,"{""TTP_ID"": ""T1021"", ""Explanation"": ""Network Diagnostics. The IT administrator is using the tracert utility to troubleshoot network connectivity issues."", ""Severity"": ""Low"", ""Mitigation"": ""Allow legitimate diagnostic tools through firewall.""}","{""TTP_ID"": ""T1023"", ""Explanation"": ""Network Diagnostics. The IT administrator is using the tracert command to troubleshoot network connectivity issues.""}","{""Severity"": ""Low"", ""Mitigation"": ""None required. Standard administrative activity.""}"
Task_094,True,7.2,True,12.08,"{""TTP_ID"": ""None (Benign)"", ""Explanation"": ""Administrative Management Tool running in expected context."", ""Severity"": ""Low"", ""Mitigation"": ""No action required.""}","{""TTP_ID"": ""None (Benign)"", ""Explanation"": ""Execution of the Server Manager console by an administrator user.""}","{""Severity"": ""Low"", ""Mitigation"": ""This is a standard execution of the legitimate Windows installation tool.""}"
Task_095,True,8.15,True,12.12,"{""TTP_ID"": ""None (Benign)"", ""Explanation"": ""Standard background process executing scheduled updates."", ""Severity"": ""Low"", ""Mitigation"": ""Ensure system is up to date with security patches.""}","{""TTP_ID"": ""None (Benign)"", ""Explanation"": ""Windows Update Notification Manager executing routine system updates.""}","{""Severity"": ""Low"", ""Mitigation"": ""None required (Benign). This is a normal process initiated by the Windows Defender.""}"
Task_096,True,11.18,True,16.08,"{""TTP_ID"": ""T1218"", ""Explanation"": ""A malicious Control Panel item (.cpl) was executed."", ""Severity"": ""High"", ""Mitigation"": ""Block known malicious .cpl files using application whitelisting or behavior-based detection.""}","{""TTP_ID"": ""T1209"", ""Explanation"": ""System Binary Proxy Execution. The attacker is executing a malicious Control Panel Item (.cpl) file, bypassing standard execution controls.""}","{""Severity"": ""High"", ""Mitigation"": ""Block .cpl files at the endpoint firewall. Implement application control to restrict execution of non-standard executables.""}"
Task_097,True,13.32,True,14.98,"{""TTP_ID"": ""T1097"", ""Explanation"": ""The Windows Defender Control Panel is being abused to execute a malicious payload via the WinDefend DLL. The attacker unloaded the WdFilter driver, replacing it with their own malicious code."", ""Severity"": ""High"", ""Mitigation"": ""Restore system integrity images using Sysinternals Sysprep or Windows Deployment Services.""}","{""TTP_ID"": ""T1075"", ""Explanation"": ""Modify Registry. The adversary is modifying the Windows Filter Manager registry key to potentially remove a malicious firewall filter.""}","{""Severity"": ""High"", ""Mitigation"": ""Immediately unload all loaded modules using fltMC.exe and initiate an in-depth forensic investigation.""}"
Task_098,True,9.46,True,14.8,"{""TTP_ID"": ""T1071"", ""Explanation"": ""Attacker executed a script to delete security event logs, hiding malicious activity."", ""Severity"": ""High"", ""Mitigation"": ""Implement strict file permissions. Monitor and restrict execution of scripts.""}","{""TTP_ID"": ""T1078.003"", ""Explanation"": ""The attacker executed a script to delete security event logs, attempting to erase forensic traces of their malicious activity.""}","{""Severity"": ""High"", ""Mitigation"": ""Immediately restore from backup. Implement strict file integrity monitoring and apply the latest antivirus signatures.""}"
Task_099,True,10.24,True,17.68,"{""TTP_ID"": ""T1075"", ""Explanation"": ""Registry Save Backup Attack. The attacker is creating a copy of the SAM hive to facilitate offline password hash cracking."", ""Severity"": ""High"", ""Mitigation"": ""Implement DPAPI or LSASS Protection. Restrict registry access via Active Directory Group Policy.""}","{""TTP_ID"": ""T1075"", ""Explanation"": ""OS Credential Dumping. The registry save SAM hive command line indicates an attempt to back up the Security Account Manager (SAM) hive for offline password hash cracking.""}","{""Severity"": ""High"", ""Mitigation"": ""Immediately isolate affected system, initiate incident response, reset all passwords, and consider replacing the hard drive.""}"
Task_100,True,10.34,True,14.57,"{""TTP_ID"": ""T1059.003"", ""Explanation"": ""Certutil is being abused to decode an encoded executable (.exe) from a file store."", ""Severity"": ""High"", ""Mitigation"": ""Restrict execution rights for certutil and monitor the C:\temp directory.""}","{""TTP_ID"": ""T1056"", ""Explanation"": ""Decode Base64 or Other Encodings. The attacker used certutil to decode a base64 encoded payload into an executable file.""}","{""Severity"": ""High"", ""Mitigation"": ""Block outbound connections to non-standard ports, restrict access to certutil.""}"
Task_101,True,10.01,True,14.2,"{""TTP_ID"": ""T1053"", ""Explanation"": ""MSBuild Execution. The attacker is abusing the MSBuild tool to execute a malicious XML project."", ""Severity"": ""High"", ""Mitigation"": ""Restrict execution permissions for MSBuild and monitor file system activity.""}","{""TTP_ID"": ""T1053"", ""Explanation"": ""Attacker is executing a malicious MSBuild project, which compiles and executes an embedded Visual Studio solution containing the payload.""}","{""Severity"": ""High"", ""Mitigation"": ""Block inbound/outbound MSBuild traffic; Implement application control to restrict execution of non-standard XML files.""}"
Task_102,True,10.51,True,16.36,"{""TTP_ID"": ""T1569.002"", ""Explanation"": ""Rclone is being abused to exfiltrate data directly to a cloud storage bucket."", ""Severity"": ""High"", ""Mitigation"": ""Block outbound connections to mega:backup_folder, implement strict access controls for rclone.""}","{""TTP_ID"": ""T1562.003"", ""Explanation"": ""OS Credential Dumping. The attacker is using the rclone utility to upload a copy of sensitive data stored on the local filesystem directly to an external cloud storage service, bypassing native file system backups.""}","{""Severity"": ""High"", ""Mitigation"": ""Implement strict network segmentation and access controls for rclone. Monitor outbound traffic to MEGA servers.""}"
Task_103,True,9.08,True,14.82,"{""TTP_ID"": ""T1082"", ""Explanation"": ""The attacker is copying a malicious executable to the Startup folder to establish persistence."", ""Severity"": ""High"", ""Mitigation"": ""Restrict file write permissions in the Startup folder and monitor startup processes.""}","{""TTP_ID"": ""T1234"", ""Explanation"": ""Directory Abuse. The attacker copied a malicious executable to the Startup folder to establish persistence upon user logon.""}","{""Severity"": ""High"", ""Mitigation"": ""Immediately remove the rogue executable from the Startup folder, investigate system integrity, and initiate a forensic analysis.""}"
Task_104,True,11.01,True,15.46,"{""TTP_ID"": ""T1098"", ""Explanation"": ""Domain User Management. The attacker is attempting to add a new user account with full privileges in the Active Directory."", ""Severity"": ""High"", ""Mitigation"": ""Implement strict least privilege access controls, monitor directory service logs, and use Multi-Factor Authentication.""}","{""TTP_ID"": ""T1078.003"", ""Explanation"": ""Account Exfiltration over Alternative Protocols. The attacker is using the net user command to create a new guest account and potentially exfiltrate credentials.""}","{""Severity"": ""High"", ""Mitigation"": ""Immediately revoke permissions for unused accounts, especially those created via remote commands.""}"
Task_105,False,9.38,True,13.99,"{""TTP_ID"": ""T1053"", ""Explanation"": ""Remote Code Execution via WMI Provider. The Windows Event Consumer service is being abused to execute malicious payloads embedded within WMI queries."", ""Severity"": ""High""}","{""TTP_ID"": ""T1053"", ""Explanation"": ""A scripting engine is being embedded into the Explorer process to execute malicious scripts.""}","{""Severity"": ""High"", ""Mitigation"": ""Immediately terminate processes executing Sysmon events, update WMI services, and apply Windows Defender System Guard.""}"
Task_106,True,11.93,True,14.9,"{""TTP_ID"": ""T1490"", ""Explanation"": ""Autorun.exe Execution Prevention Bypass. The attacker executed a PowerShell command via the Windows Management Instrumentation (WMI) to systematically delete all volume shadow copies."", ""Severity"": ""High"", ""Mitigation"": ""Enable DEP and Patch WMI. Restrict execution of scripts through WMI.""}","{""TTP_ID"": ""T1490"", ""Explanation"": ""Ransomware. The adversary executed a PowerShell command to systematically delete all shadow copies across the host, ensuring that no forensic recovery points exist.""}","{""Severity"": ""High"", ""Mitigation"": ""Immediately isolate affected systems from the network. Initiate backup procedures if available and contact law enforcement.""}"
Task_107,True,11.57,True,17.43,"{""TTP_ID"": ""T1097"", ""Explanation"": ""A process is generating a memory dump file (minidump) of the LSASS process. This indicates an advanced persistent threat attempting to maintain persistence and capture credential hashes."", ""Severity"": ""High"", ""Mitigation"": ""Restrict execution permissions for non-standard processes, implement system monitoring solutions.""}","{""TTP_ID"": ""T1075"", ""Explanation"": ""DLL Injection. The comsvcs DLL is being used to generate a memory dump of the LSASS process, indicating an advanced persistent threat attempting system debugging.""}","{""Severity"": ""High"", ""Mitigation"": ""Immediately isolate affected systems. Conduct forensic analysis on backups or live memory capture. Update antivirus signatures and apply Microsoft Defender System Guard policies.""}"
Task_108,True,9.56,True,17.07,"{""TTP_ID"": ""None (Benign)"", ""Explanation"": ""User renamed the Sticky Keys executable to its original name and copied the Command Prompt binary over it."", ""Severity"": ""Low"", ""Mitigation"": ""Monitor file integrity. Restore affected files.""}","{""TTP_ID"": ""T1546"", ""Explanation"": ""OS Credential Dumping. The attacker replaced the Sentry (Sticky Keys) binary with a copy of cmd.exe to gain system-level privileges when the victim presses the 'Windows Key + C' combination.""}","{""Severity"": ""High"", ""Mitigation"": ""Immediately restore backups or reimage affected systems. Monitor endpoint behavior and maintain strict least privilege controls.""}"
Task_109,True,9.15,True,14.71,"{""TTP_ID"": ""T1053"", ""Explanation"": ""Remote Code Execution via Windows Remote Procedure Call (RPC)"", ""Severity"": ""High"", ""Mitigation"": ""Disable RPC, apply least privilege principles to services using it.""}","{""TTP_ID"": ""T1043"", ""Explanation"": ""Command and Scripting Interpreter. A PowerShell script executing a reverse TCP connection to an external server, establishing remote code execution.""}","{""Severity"": ""High"", ""Mitigation"": ""Block inbound/outbound traffic on port 4444 using firewall rules.""}"
Task_110,True,10.94,True,16.57,"{""TTP_ID"": ""T1075"", ""Explanation"": ""The attacker modified the Windows Boot Configuration Data (BCD) to prevent system recovery, effectively locking out administrators."", ""Severity"": ""High"", ""Mitigation"": ""Implement BCD monitoring. Restore from backups. Use third-party tools for backup and restore.""}","{""TTP_ID"": ""T1071"", ""Explanation"": ""The attacker modified the Windows Registry to disable secure boot and set a policy that ignores all boot failures, ensuring their malicious payload boots next time.""}","{""Severity"": ""High"", ""Mitigation"": ""Immediately isolate the affected endpoint. Reset credentials. Scan for persistent malware. Update antivirus signatures and initiate a deep system scan.""}"
